{
    "понедельник": {
        "1": ["Лит-ра"],
        "2": ["Русс. яз."],
        "3": ["Математика"],
        "4": ["Окр. мир"],
        "5": [""],
        "6": [""],
        "7": [""],
        "8": [""]
    },
    "вторник": {
        "1": ["Математика"],
        "2": ["Физ-ра"],
        "3": ["Лит-ра"],
        "4": ["Русс. яз."],
        "5": [""],
        "6": [""],
        "7": [""],
        "8": [""]
    },
    "среда": {
        "1": ["Лит-ра"],
        "2": ["Математика"],
        "3": ["ИЗО"],
        "4": ["Русс. яз."],
        "5": ["Музыка"],
        "6": [""],
        "7": [""],
        "8": [""]
    },
    "четверг": {
        "1": ["Математика"],
        "2": ["Физ-ра"],
        "3": ["Русс. яз."],
        "4": ["Лит-ра"],
        "5": [""],
        "6": [""],
        "7": [""],
        "8": [""]
    },
    "пятница": {
        "1": ["Окр. мир"],
        "2": ["Физ-ра"],
        "3": ["Технология"],
        "4": ["Русс. яз."],
        "5": [""],
        "6": [""],
        "7": [""],
        "8": [""]
    }
}