{
    "monday": {
        "понедельник": {
            "1": ["Род. яз."],
            "2": ["География"],
            "3": ["Математика"],
            "4": ["Математика"],
            "5": ["Обществознание"],
            "6": ["Информатика"],
            "7": [""],
            "8": [""]
        }
    },
    "tuesday": {
        "вторник": {
            "1": ["Физ-ра"],
            "2": ["Физ-ра"],
            "3": ["Ин. яз."],
            "4": ["История"],
            "5": ["Русс. яз."],
            "6": ["Лит-ра"],
            "7": ["Эл. курсы"],
            "8": [""]
        }
    },
    "wednesday": {
        "среда": {
            "1": ["Эл. курсы"],
            "2": ["Физика"],
            "3": ["Ин. яз."],
            "4": ["Астрономия"],
            "5": ["Лит-ра"],
            "6": ["Математика"],
            "7": ["Математика"],
            "8": ["Факульт. курсы"]
        }
    },
    "thursday": {
        "четверг": {
            "1": ["Эл. курсы"],
            "2": ["Химия"],
            "3": ["Лит-ра"],
            "4": ["История"],
            "5": ["ОБЖ"],
            "6": ["2-ой ин. яз."],
            "7": ["Эл. курсы"],
            "8": ["Факульт. курсы"]
        }
    },
    "friday": {
        "пятница": {
            "1": ["Эл. курсы"],
            "2": ["Обществознание"],
            "3": ["Биология"],
            "4": ["Ин. яз."],
            "5": ["Математика"],
            "6": ["Математика"],
            "7": ["Кл. час"],
            "8": [""]
        }
    }
}