{
    "понедельник": {
        "1": [
            "Математика"
        ],
        "2": [
            "Математика"
        ],
        "3": [
            "Общество"
        ],
        "4": [
            "Физика\/Право\/Химия"
        ],
        "5": [
            "Лит-ра"
        ],
        "6": [
            "Физика"
        ],
        "7": [
            "Физика"
        ],
        "8": [
            ""
        ]
    },
    "вторник": {
        "1": [
            "Физика\/Био\/Эк"
        ],
        "2": [
            "Ин. яз."
        ],
        "3": [
            "Общество"
        ],
        "4": [
            "Русский яз."
        ],
        "5": [
            "Практ. по русс. яз."
        ],
        "6": [
            "Математика"
        ],
        "7": [
            "Инф\/Био\/МХК"
        ],
        "8": [
            "Фарм\/Пр. по ист."
        ]
    },
    "среда": {
        "1": [
            "Лит-ра"
        ],
        "2": [
            "Математика"
        ],
        "3": [
            "Ин. яз."
        ],
        "4": [
            "р. лит-ра"
        ],
        "5": [
            "Химия"
        ],
        "6": [
            "Физ-ра"
        ],
        "7": [
            "Физ-ра"
        ],
        "8": [
            ""
        ]
    },
    "четверг": {
        "1": [
            "Инф\/Хим\/Эк"
        ],
        "2": [
            "Физика\/Хим\/Право"
        ],
        "3": [
            "История"
        ],
        "4": [
            "Инф\/Черчение"
        ],
        "5": [
            "Лит-ра"
        ],
        "6": [
            "ОБЖ"
        ],
        "7": [
            "Прогр\/Био\/Пр. по ист."
        ],
        "8": [
            "Прогр\/Пр. по общ."
        ]
    },
    "пятница": {
        "1": [
            "Биология"
        ],
        "2": [
            "Математика"
        ],
        "3": [
            "Математика"
        ],
        "4": [
            "Ин. яз."
        ],
        "5": [
            "История"
        ],
        "6": [
            "2-ой ин. яз."
        ],
        "7": [
            "Кл. час"
        ],
        "8": [
            "Интернет пр."
        ]
    }
}