{
    "monday": {
        "понедельник": {
            "1": ["ОБЖ"],
            "2": ["Русс. яз."],
            "3": ["Лит-ра"],
            "4": ["История"],
            "5": ["Информатика"],
            "6": ["Химия"],
            "7": [""],
            "8": [""]
        }
    },
    "tuesday": {
        "вторник": {
            "1": ["Физ-ра"],
            "2": ["Физ-ра"],
            "3": ["География"],
            "4": ["Ин. яз."],
            "5": ["Математика"],
            "6": ["Математика"],
            "7": ["Математика"],
            "8": [""]
        }
    },
    "wednesday": {
        "среда": {
            "1": ["Астрономия/Микробиология"],
            "2": ["Ин. яз."],
            "3": ["Речь и культура общения"],
            "4": ["Физика"],
            "5": ["Лит-ра"],
            "6": ["Биология"],
            "7": ["Технология"],
            "8": [""]
        }
    },
    "thursday": {
        "четверг": {
            "1": ["Политика/Право"],
            "2": ["Обществознание"],
            "3": ["МХК"],
            "4": ["Русс. яз."],
            "5": ["Лит-ра"],
            "6": ["Физика"],
            "7": ["Физ-ра"],
            "8": ["Физика"]
        }
    },
    "friday": {
        "пятница": {
            "1": ["Математика"],
            "2": ["Математика"],
            "3": ["Математика"],
            "4": ["Обществознание"],
            "5": ["Ин. яз."],
            "6": ["История"],
            "7": ["Кл. час"],
            "8": [""]
        }
    }
}