{
    "понедельник": {
        "1": ["Родной яз."],
        "2": ["Физ-ра"],
        "3": ["Окр. мир"],
        "4": ["Музыка"],
        "5": ["Технология"],
        "6": [""],
        "7": [""],
        "8": [""]
    },
    "вторник": {
        "1": ["Русс. яз."],
        "2": ["Математика"],
        "3": ["Лит-ра"],
        "4": ["ОРКСЭ"],
        "5": ["Ин. яз."],
        "6": ["Физ-ра"],
        "7": [""],
        "8": [""]
    },
    "среда": {
        "1": ["Русс. яз."],
        "2": ["Математика"],
        "3": ["ИЗО"],
        "4": ["Окр. мир"],
        "5": ["Лит-ра"],
        "6": [""],
        "7": [""],
        "8": [""]
    },
    "четверг": {
        "1": ["Русс. яз."],
        "2": ["Математика"],
        "3": ["Лит-ра"],
        "4": ["Физ-ра"],
        "5": [""],
        "6": [""],
        "7": [""],
        "8": [""]
    },
    "пятница": {
        "1": ["Русс. яз."],
        "2": ["Математика"],
        "3": ["Ин. яз."],
        "4": [""],
        "5": [""],
        "6": [""],
        "7": [""],
        "8": [""]
    }
}