{
    "monday": {
        "понедельник": {
            "1": ["Русс. яз."],
            "2": ["Физ-ра"],
            "3": ["Математика"],
            "4": ["Лит-ра"],
            "5": ["Музыка"],
            "6": [""],
            "7": [""],
            "8": [""]
        }
    },
    "tuesday": {
        "вторник": {
            "1": ["Русс. яз."],
            "2": ["Музыка"],
            "3": ["Окр. мир"],
            "4": ["Ин. яз."],
            "5": ["Физ-ра"],
            "6": ["Технология"],
            "7": [""],
            "8": [""]
        }
    },
    "wednesday": {
        "среда": {
            "1": ["Русс. яз."],
            "2": ["Математика"],
            "3": ["Лит-ра"],
            "4": [""],
            "5": ["Изо"],
            "6": [""],
            "7": [""],
            "8": [""]
        }
    },
    "thursday": {
        "четверг": {
            "1": ["Русс. яз."],
            "2": ["Математика"],
            "3": ["Лит-ра"],
            "4": ["Физ-ра"],
            "5": ["ОРКСЭ"],
            "6": [""],
            "7": [""],
            "8": [""]
        }
    },
    "friday": {
        "пятница": {
            "1": ["Родной яз."],
            "2": ["Ин. яз."],
            "3": ["Окр. мир"],
            "4": [""],
            "5": [""],
            "6": [""],
            "7": [""],
            "8": [""]
        }
    }
}