{
    "monday": {
        "понедельник": {
            "1": ["математика"],
            "2": ["русский яз"],
            "3": ["литература"],
            "4": ["физкультура"],
            "5": ["английский/немецкий"],
            "6": ["музыка"]
        }
    },
    "tuesday": {
        "вторник": {
            "1": ["математика"],
            "2": ["русский яз"],
            "3": ["литература"],
            "4": ["биология"],
            "5": ["технология"],
            "6": ["технология"],
            "7": ["в/д моделирование"]
        }
    },
    "wednesday": {
        "среда": {
            "1": ["математика"],
            "2": ["русский яз"],
            "3": ["обществознание"],
            "4": ["литература"],
            "5": ["физкультура"],
            "6": ["в/д шахматы"]
        }
    },
    "thursday": {
        "четверг": {
            "1": ["русский яз"],
            "2": ["иностранный яз"],
            "3": ["история"],
            "4": ["география"],
            "5": ["родной(русский)яз"],
            "6": ["математика"],
            "7": ["в/д улыбка"]
        }
    },
    "friday": {
        "пятница": {
            "1": ["математика"],
            "2": ["иностранный"],
            "3": ["изо"],
            "4": ["русский яз"],
            "5": ["история"],
            "6": ["классный час"],
            "7": ["в/д весёлый карандаш"]
        }
    }
}