{
    "monday": {
        "понедельник": {
            "1": ["Физ-ра"],
            "2": ["История"],
            "3": ["Математика"],
            "4": ["Русский яз"],
            "5": ["Род.Яз/Лит-ра"],
            "6": ["2-ой ин.яз"],
            "7": "",
            "8": ""
        }
    },
    "tuesday": {
        "вторник": {
            "1": ["Общество"],
            "2": ["Ин.яз."],
            "3": ["Русский яз"],
            "4": ["Математика"],
            "5": ["ИЗО"],
            "6": ["Лит-ра"],
            "7": "",
            "8": ""
        }
    },
    "wednesday": {
        "среда": {
            "1": ["Физ-ра"],
            "2": ["История"],
            "3": ["Математика"],
            "4": ["Русский яз"],
            "5": ["Ин.яз."],
            "6": ["Лит-ра"],
            "7": "",
            "8": ""
        }
    },
    "thursday": {
        "четверг": {
            "1": ["Музыка"],
            "2": ["Русский яз"],
            "3": ["Математика"],
            "4": ["Биология"],
            "5": ["Ин.яз."],
            "6": ["Русский яз"],
            "7": "",
            "8": ""
        }
    },
    "friday": {
        "пятница": {
            "1": ["Техно"],
            "2": ["Текно"],
            "3": ["Русский яз"],
            "4": ["География"],
            "5": ["Математика"],
            "6": ["Лит-ра"],
            "7": ["Кл.час"],
            "8": ""
        }
    },
    "saturday": {
        "суббота": {
            "1": "",
            "2": "",
            "3": "",
            "4": "",
            "5": "",
            "6": "",
            "7": "",
            "8": ""
        }
    }
}