{
    "понедельник": {
        "1": [
            "Физ-ра"
        ],
        "2": [
            "Математика"
        ],
        "3": [
            "История"
        ],
        "4": [
            "Русский яз"
        ],
        "5": [
            "Род.Яз\/Лит-ра"
        ],
        "6": [
            "2-ой ин.яз"
        ],
        "7": "",
        "8": ""
    },
    "вторник": {
        "1": [
            "Лит-ра"
        ],
        "2": [
            "Ин.яз."
        ],
        "3": [
            "Математика"
        ],
        "4": [
            "Русский яз"
        ],
        "5": [
            "Общество"
        ],
        "6": [
            "ИЗО"
        ],
        "7": "",
        "8": ""
    },
    "среда": {
        "1": [
            "Физ-ра"
        ],
        "2": [
            "История"
        ],
        "3": [
            "Лит-ра"
        ],
        "4": [
            "Математика"
        ],
        "5": [
            "Ин.яз."
        ],
        "6": [
            "Русский яз"
        ],
        "7": "",
        "8": ""
    },
    "четверг": {
        "1": [
            "Математика"
        ],
        "2": [
            "Музыка"
        ],
        "3": [
            "Биология"
        ],
        "4": [
            "Русский яз"
        ],
        "5": [
            "Ин.яз."
        ],
        "6": [
            "Русский яз"
        ],
        "7": "",
        "8": ""
    },
    "пятница": {
        "1": [
            "Техно"
        ],
        "2": [
            "Текно"
        ],
        "3": [
            "Русский яз"
        ],
        "4": [
            "Математика"
        ],
        "5": [
            "Лит-ра"
        ],
        "6": [
            "География"
        ],
        "7": [
            "Кл.час"
        ],
        "8": ""
    }
}