{
    "понедельник": {
        "1": [
            "История"
        ],
        "2": [
            "Математика"
        ],
        "3": [
            "Физика"
        ],
        "4": [
            "Русский язык"
        ],
        "5": [
            "Технология"
        ],
        "6": [
            "Технология"
        ],
        "7": [
            ""
        ],
        "8": [
            ""
        ]
    },
    "вторник": {
        "1": [
            "Немецкий"
        ],
        "2": [
            "Биология"
        ],
        "3": [
            "ИЗО"
        ],
        "4": [
            "Математика"
        ],
        "5": [
            "Русский язык"
        ],
        "6": [
            "Литература"
        ],
        "7": [
            "Немецкий"
        ],
        "8": [
            ""
        ]
    },
    "среда": {
        "1": [
            "Немецкий"
        ],
        "2": [
            "Математика"
        ],
        "3": [
            "Математика"
        ],
        "4": [
            "Русский язык"
        ],
        "5": [
            "Родной язык"
        ],
        "6": [
            "История"
        ],
        "7": [
            "География"
        ],
        "8": [
            "Немецкий"
        ]
    },
    "четверг": {
        "1": [
            "Немецкий"
        ],
        "2": [
            "Русский язык"
        ],
        "3": [
            "Физика"
        ],
        "4": [
            "Информатика"
        ],
        "5": [
            "Литература"
        ],
        "6": [
            "Физкультура"
        ],
        "7": [
            "Обществознание"
        ],
        "8": [
            "Немецкий"
        ]
    },
    "пятница": {
        "1": [
            "Физкультура"
        ],
        "2": [
            "ОСЧ"
        ],
        "3": [
            "География"
        ],
        "4": [
            "Математика"
        ],
        "5": [
            "Биология"
        ],
        "6": [
            "Музыка"
        ],
        "7": [
            "Классный Час"
        ]
    }
}