{
    "понедельник": {
        "1": ["Технология"],
        "2": ["Физика"],
        "3": ["Русс. яз."],
        "4": ["Биология"],
        "5": ["Алгебра"],
        "6": ["История"],
        "7": ["Технология"],
        "8": [""]
    },
    "вторник": {
        "1": ["Англ. яз."],
        "2": ["География"],
        "3": ["Биология"],
        "4": ["Русс. яз."],
        "5": ["Алгебра"],
        "6": ["Музыка"],
        "7": ["Лит-ра"],
        "8": ["Нем. яз."]
    },
    "среда": {
        "1": ["Нем. яз."],
        "2": ["Русс. яз."],
        "3": ["Химия"],
        "4": ["Алгебра"],
        "5": ["История"],
        "6": ["Физ-ра"],
        "7": ["Физ-ра"],
        "8": [""]
    },
    "четверг": {
        "1": ["Физика"],
        "2": ["Геометрия"],
        "3": ["Геометрия"],
        "4": ["Родн. яз."],
        "5": ["Обществознание"],
        "6": ["ОБЖ"],
        "7": ["Ин. яз."],
        "8": [""]
    },
    "пятница": {
        "1": ["Англ. яз."],
        "2": ["Химия"],
        "3": ["Информатика"],
        "4": ["ОСЧ"],
        "5": [""],
        "6": ["Лит-ра"],
        "7": ["Кл. час"],
        "8": [""]
    }
}