{
    "monday": {
        "понедельник": {
            "1": ["Технология"],
            "2": ["Русс.яз."],
            "3": ["Биология"],
            "4": ["Физика"],
            "5": ["История"],
            "6": ["Алгебра"],
            "7": [""],
            "8": [""]
        }
    },
    "tuesday": {
        "вторник": {
            "1": [""],
            "2": ["Русс. яз."],
            "3": ["Лит-ра"],
            "4": ["География"],
            "5": ["Биология"],
            "6": ["Алгебра"],
            "7": ["Музыка"],
            "8": ["Ин. яз."]
        }
    },
    "wednesday": {
        "среда": {
            "1": ["Ин. яз."],
            "2": ["Химия"],
            "3": ["Русс. яз."],
            "4": ["История"],
            "5": ["Алгебра"],
            "6": ["Физ-ра"],
            "7": ["Физ-ра"],
            "8": [""]
        }
    },
    "thursday": {
        "четверг": {
            "1": ["Англ. яз."],
            "2": ["Физика"],
            "3": ["Родной яз."],
            "4": ["Геометрия"],
            "5": ["Геометрия"],
            "6": ["Обществознания"],
            "7": ["Нем. яз."],
            "8": [""]
        }
    },
    "friday": {
        "пятница": {
            "1": ["География"],
            "2": ["Информатика"],
            "3": ["ОСЧ"],
            "4": ["Химия"],
            "5": ["Лит-ра"],
            "6": ["ОБЖ"],
            "7": ["Кл. час."],
            "8": [""]
        }
    }
}