{
    "понедельник": {
        "1": ["Родн. яз."],
        "2": ["Физ-ра"],
        "3": ["Физ-ра"],
        "4": ["Ин. яз."],
        "5": ["Химия"],
        "6": ["Физика"],
        "7": [""],
        "8": [""]
    },
    "вторник": {
        "1": ["Биология"],
        "2": ["Геометрия"],
        "3": ["Геометрия"],
        "4": ["Русс. яз."],
        "5": ["История"],
        "6": ["2-ой ин. яз."],
        "7": ["Лит-ра"],
        "8": [""]
    },
    "среда": {
        "1": ["Лит-ра"],
        "2": ["Русс. яз."],
        "3": ["Физика"],
        "4": ["ОБЖ"],
        "5": ["География"],
        "6": ["Ин. яз."],
        "7": ["Химия"],
        "8": [""]
    },
    "четверг": {
        "1": ["Биология"],
        "2": ["География"],
        "3": ["Русс. яз."],
        "4": ["Ин. яз."],
        "5": ["Физика"],
        "6": ["Алгебра"],
        "7": ["Алгебра"],
        "8": [""]
    },
    "пятница": {
        "1": ["Общество"],
        "2": ["Алгебра"],
        "3": ["Математика"],
        "4": ["История"],
        "5": ["Лит-ра"],
        "6": ["Информатика"],
        "7": ["Кл. час"],
        "8": [""]
    }
}