{
	"2021-10-30":{
		"name1":"День рождения школы-04 ...",
		"name2":"Новый год-1 января",
		"name3":"8 марта"
	},
	"2022-01-05":{
		"name1":"День рождения школы-05 ...",
		"name2":"Новый год-1 января",
		"name3":"8 марта"
	},
	"2021-12-06":{
		"name1":"День рождения школы-06 декабря",
		"name2":"Новый год-1 января",
		"name3":"8 марта"
	},
	"2021-11-07":{
		"name1":"День рождения школы-07 ...",
		"name2":"Новый год-1 января",
		"name3":"8 марта"
	},
	"2022-01-08":{
		"name1":"День рождения школы-08 ...",
		"name2":"Новый год-1 января",
		"name3":"8 марта"
	},
	"2021-12-09":{
		"name1":"День рождения школы-09 декабря",
		"name2":"Новый год-1 января",
		"name3":"8 марта"
	},
	"2021-11-10":{
		"name1":"День рождения школы-10 ...",
		"name2":"Новый год-1 января",
		"name3":"8 марта"
	},
	"2022-01-11":{
		"name1":"День рождения школы-11 ...",
		"name2":"Новый год-1 января",
		"name3":"8 марта"
	},
	"2021-12-12":{
		"name1":"День рождения школы-12 декабря",
		"name2":"Новый год-1 января",
		"name3":"8 марта"
	}
}