{
    "monday": "Arrasdafsdf",
    "tuesday": "Array",
    "wednesday": "5",
    "thursday": {
        "четверг": {
            "1": [
                "Эл. курсы"
            ],
            "2": [
                "Химия"
            ],
            "3": [
                "Лит-ра"
            ],
            "4": [
                "История"
            ],
            "5": [
                "ОБЖ"
            ],
            "6": [
                "2-ой ин. яз."
            ],
            "7": [
                "Эл. курсы"
            ],
            "8": [
                "Факульт. курсы"
            ]
        }
    },
    "friday": {
        "пятница": {
            "1": [
                "Эл. курсы"
            ],
            "2": [
                "Обществознание"
            ],
            "3": [
                "Биология"
            ],
            "4": [
                "Ин. яз."
            ],
            "5": [
                "Математика"
            ],
            "6": [
                "Математика"
            ],
            "7": [
                "Кл. час"
            ],
            "8": [
                ""
            ]
        }
    },
    "2": "два",
    "1": "один"
}