{
    "7": {
        "1": {
            "theme1": {
                "1": { "id 7111": ["Контент вопроса или формулы", "Верный ответ 0", "7"] }
            },
            "theme2": {
                "1": { "id 7121": ["Контент вопроса или формулы", "Верный ответ 0", "7/1/2/0"] }
            },
            "theme3": {
                "1": { "id 7131": ["Контент вопроса или формулы", "Верный ответ 0", "7/1/3/0"] }
            },
            "theme4": {
                "1": { "id 7141": ["Контент вопроса или формулы", "Верный ответ 0", "7/1/4/0"] }
            }
        },
        "2": {
            "theme1": {
                "1": { "id 7211": ["Контент вопроса или формулы", "Верный ответ 0", "7/2/1/0"] }
            },
            "theme2": {
                "1": { "id 7221": ["Контент вопроса или формулы", "Верный ответ 0", "7/2/2/0"] }
            },
            "theme3": {
                "1": { "id 7231": ["Контент вопроса или формулы", "Верный ответ 0", "7/2/3/0"] }
            },
            "theme4": {
                "1": { "id 7241": ["Контент вопроса или формулы", "Верный ответ 0", "7/2/4/0"] }
            }
        },
        "3": {
            "theme1": {
                "1": { "id 7311": ["Контент вопроса или формулы", "Верный ответ 0", "7/3/1/0"] }
            },
            "theme2": {
                "1": { "id 7312": ["Контент вопроса или формулы", "Верный ответ 0", "7/3/2/0"] }
            },
            "theme3": {
                "1": { "id 7313": ["Контент вопроса или формулы", "Верный ответ 0", "7/3/3/0"] }
            },
            "theme4": {
                "1": { "id 7314": ["Контент вопроса или формулы", "Верный ответ 0", "7/3/4/0"] }
            }
        },
        "4": {
            "theme1": {
                "1": { "id вопроса": ["Контент вопроса или формулы", "Верный ответ 0", "7/4/1/0"] }
            },
            "theme2": {
                "1": { "id вопроса": ["Контент вопроса или формулы", "Верный ответ 0", "7/4/2/0"] }
            },
            "theme3": {
                "1": { "id вопроса": ["Контент вопроса или формулы", "Верный ответ 0", "7/4/3/0"] }
            },
            "theme4": {
                "1": { "id вопроса": ["Контент вопроса или формулы", "Верный ответ 0", "7/4/4/0"] }
            }
        }
    },
    "8": {
        "1": {
            "theme1": {
                "1": { "id вопроса": ["Контент вопроса или формулы", "Верный ответ 0", "8/1/1/0"] }
            },
            "theme2": {
                "1": { "id вопроса": ["Контент вопроса или формулы", "Верный ответ 0", "8/1/2/0"] }
            },
            "theme3": {
                "1": { "id вопроса": ["Контент вопроса или формулы", "Верный ответ 0", "8/1/3/0"] }
            },
            "theme4": {
                "1": { "id вопроса": ["Контент вопроса или формулы", "Верный ответ 0", "8/1/4/0"] }
            }
        },
        "2": {
            "theme1": {
                "1": { "id вопроса": ["Контент вопроса или формулы", "Верный ответ 0", "8/2/1/0"] }
            },
            "theme2": {
                "1": { "id вопроса": ["Контент вопроса или формулы", "Верный ответ 0", "8/2/2/0"] }
            },
            "theme3": {
                "1": { "id вопроса": ["Контент вопроса или формулы", "Верный ответ 0", "8/2/3/0"] }
            },
            "theme4": {
                "1": { "id вопроса": ["Контент вопроса или формулы", "Верный ответ 0", "8/2/4/0"] }
            }
        },
        "3": {
            "theme1": {
                "1": { "id вопроса": ["Контент вопроса или формулы", "Верный ответ 0", "8/3/1/0"] }
            },
            "theme2": {
                "1": { "id вопроса": ["Контент вопроса или формулы", "Верный ответ 0", "8/3/2/0"] }
            },
            "theme3": {
                "1": { "id вопроса": ["Контент вопроса или формулы", "Верный ответ 0", "8/3/3/0"] }
            },
            "theme4": {
                "1": { "id вопроса": ["Контент вопроса или формулы", "Верный ответ 0", "8/3/4/0"] }
            }
        },
        "4": {
            "theme1": {
                "1": { "id вопроса": ["Контент вопроса или формулы", "Верный ответ 0", "8/4/1/0"] }
            },
            "theme2": {
                "1": { "id вопроса": ["Контент вопроса или формулы", "Верный ответ 0", "8/4/2/0"] }
            },
            "theme3": {
                "1": { "id вопроса": ["Контент вопроса или формулы", "Верный ответ 0", "8/4/3/0"] }
            },
            "theme4": {
                "1": { "id вопроса": ["Контент вопроса или формулы", "Верный ответ 0", "8/4/4/0"] }
            }
        }
    },
    "9": {
        "1": {
            "theme1": {
                "1": { "id 9111": ["Контент вопроса или формулы", "Верный ответ 0", "9/1/1/0"] },
                "2": { "id 9112": ["Контент вопроса или формулы", "Верный ответ 0", "9/1/2/0"] }
            },
            "theme2": {
                "1": { "id 9121": ["Контент вопроса или формулы", "Верный ответ 0", "9/1/2/0"] }
            },
            "theme3": {
                "1": { "id 9131": ["Контент вопроса или формулы", "Верный ответ 0", "9/1/3/0"] }
            },
            "theme4": {
                "1": { "id 9141": ["Контент вопроса или формулы", "Верный ответ 0", "9/1/4/0"] }
            }
        },
        "2": {
            "theme1": {
                "1": { "id 9211": ["Контент вопроса или формулы", "Верный ответ 0", "9/2/1/0"] },
                "2": { "id 9212": ["Контент вопроса или формулы", "Верный ответ 0", "9/2/2/0"] }
            },
            "theme2": {
                "1": { "id 9221": ["Контент вопроса или формулы", "Верный ответ 0", "9/2/2/0"] }
            },
            "theme3": {
                "1": { "id 9231": ["Контент вопроса или формулы", "Верный ответ 0", "9/2/3/0"] }
            },
            "theme4": {
                "1": { "id 9241": ["Контент вопроса или формулы", "Верный ответ 0", "9/2/4/0"] }
            }
        },
        "3": {
            "theme1": {
                "1": { "id 9311": ["Контент вопроса или формулы", "Верный ответ 0", "9/3/1/0"] }
            },
            "theme2": {
                "1": { "id 9321": ["Контент вопроса или формулы", "Верный ответ 0", "9/3/2/0"] }
            },
            "theme3": {
                "1": { "id 9331": ["Контент вопроса или формулы", "Верный ответ 0", "9/3/3/0"] }
            },
            "theme4": {
                "1": { "id 9341": ["Контент вопроса или формулы", "Верный ответ 0", "9/3/4/0"] }
            }
        },
        "4": {
            "theme1": {
                "1": { "id 9411": ["Контент вопроса или формулы", "Верный ответ 0", "9/4/1/0"] }
            },
            "theme2": {
                "1": { "id 9421": ["Контент вопроса или формулы", "Верный ответ 0", "9/4/2/0"] }
            },
            "theme3": {
                "1": { "id 9431": ["Контент вопроса или формулы", "Верный ответ 0", "9/4/3/0"] }
            },
            "theme4": {
                "1": { "id 9441": ["Контент вопроса или формулы", "Верный ответ 0", "9/4/4/0"] }
            }
        }
    },
    "10": {
        "1": {
            "theme1": {
                "1": { "id вопроса": ["Контент вопроса или формулы", "Верный ответ 0", "1/ / /0"] }
            },
            "theme2": {
                "1": { "id вопроса": ["Контент вопроса или формулы", "Верный ответ 0", "1/ / /0"] }
            },
            "theme3": {
                "1": { "id вопроса": ["Контент вопроса или формулы", "Верный ответ 0", "1/ / /0"] }
            },
            "theme4": {
                "1": { "id вопроса": ["Контент вопроса или формулы", "Верный ответ 0", "1/ / /0"] }
            }
        },
        "2": {
            "theme1": {
                "1": { "id вопроса": ["Контент вопроса или формулы", "Верный ответ 0", "1/ / /0"] }
            },
            "theme2": {
                "1": { "id вопроса": ["Контент вопроса или формулы", "Верный ответ 0", "1/ / /0"] }
            },
            "theme3": {
                "1": { "id вопроса": ["Контент вопроса или формулы", "Верный ответ 0", "1/ / /0"] }
            },
            "theme4": {
                "1": { "id вопроса": ["Контент вопроса или формулы", "Верный ответ 0", "1/ / /0"] }
            }
        },
        "3": {
            "theme1": {
                "1": { "id вопроса": ["Контент вопроса или формулы", "Верный ответ 0", "1/ / /0"] }
            },
            "theme2": {
                "1": { "id вопроса": ["Контент вопроса или формулы", "Верный ответ 0", "1/ / /0"] }
            },
            "theme3": {
                "1": { "id вопроса": ["Контент вопроса или формулы", "Верный ответ 0", "1/ / /0"] }
            },
            "theme4": {
                "1": { "id вопроса": ["Контент вопроса или формулы", "Верный ответ 0", "1/ / /0"] }
            }
        },
        "4": {
            "theme1": {
                "1": { "id вопроса": ["Контент вопроса или формулы", "Верный ответ 0", "1/ / /0"] }
            },
            "theme2": {
                "1": { "id вопроса": ["Контент вопроса или формулы", "Верный ответ 0", "1/ / /0"] }
            },
            "theme3": {
                "1": { "id вопроса": ["Контент вопроса или формулы", "Верный ответ 0", "1/ / /0"] }
            },
            "theme4": {
                "1": { "id вопроса": ["Контент вопроса или формулы", "Верный ответ 0", "1/ / /0"] }
            }
        }
    },
    "11": {
        "1": {
            "theme1": {
                "1": { "id вопроса": ["Контент вопроса или формулы", "Верный ответ 0", "1/ / /0"] }
            },
            "theme2": {
                "1": { "id вопроса": ["Контент вопроса или формулы", "Верный ответ 0", "1/ / /0"] }
            },
            "theme3": {
                "1": { "id вопроса": ["Контент вопроса или формулы", "Верный ответ 0", "1/ / /0"] }
            },
            "theme4": {
                "1": { "id вопроса": ["Контент вопроса или формулы", "Верный ответ 0", "1/ / /0"] }
            }
        },
        "2": {
            "theme1": {
                "1": { "id вопроса": ["Контент вопроса или формулы", "Верный ответ 0", "1/ / /0"] }
            },
            "theme2": {
                "1": { "id вопроса": ["Контент вопроса или формулы", "Верный ответ 0", "1/ / /0"] }
            },
            "theme3": {
                "1": { "id вопроса": ["Контент вопроса или формулы", "Верный ответ 0", "1/ / /0"] }
            },
            "theme4": {
                "1": { "id вопроса": ["Контент вопроса или формулы", "Верный ответ 0", "1/ / /0"] }
            }
        },
        "3": {
            "theme1": {
                "1": { "id вопроса": ["Контент вопроса или формулы", "Верный ответ 0", "1/ / /0"] }
            },
            "theme2": {
                "1": { "id вопроса": ["Контент вопроса или формулы", "Верный ответ 0", "1/ / /0"] }
            },
            "theme3": {
                "1": { "id вопроса": ["Контент вопроса или формулы", "Верный ответ 0", "1/ / /0"] }
            },
            "theme4": {
                "1": { "id вопроса": ["Контент вопроса или формулы", "Верный ответ 0", "1/ / /0"] }
            }
        },
        "4": {
            "theme1": {
                "1": { "id вопроса": ["Контент вопроса или формулы", "Верный ответ 0", "1/ / /0"] }
            },
            "theme2": {
                "1": { "id вопроса": ["Контент вопроса или формулы", "Верный ответ 0", "1/ / /0"] }
            },
            "theme3": {
                "1": { "id вопроса": ["Контент вопроса или формулы", "Верный ответ 0", "1/ / /0"] }
            },
            "theme4": {
                "1": { "id вопроса": ["Контент вопроса или формулы", "Верный ответ 0", "1/ / /0"] }
            }
        }
    }
}