{
	"inf":{
		"name": "Журавлев Илья Витальевич",
		"title": "Учитель информатики и физики"
	},
	"fiz":{
		"name": "Журавлева Лидия Григорьевна",
		"title": "Учитель физики"
	},
	"bio":{
		"name": "Вахрушева Татьяна Николаевна",
		"title": "Учитель биологии"
	},
	"geo":{
		"name": "Сумина Галина Николаевна",
		"title": "Учитель географии"
	},
	"ist":{
		"name": "Персин Евгений Александрович",
		"title": "Учитель истории"
	},
	"obs":{
		"name": "Лушников Андрей Владимирович",
		"title": "Учитель обществознания"
	}
}