{
    "monday": {
        "понедельник": {
            "1": ["Лит-ра"],
            "2": ["Русс. яз."],
            "3": ["Математика"],
            "4": ["Окр. мир"],
            "5": [""],
            "6": [""],
            "7": [""],
            "8": [""]
        }
    },
    "tuesday": {
        "вторник": {
            "1": ["Математика"],
            "2": ["Лит-ра"],
            "3": ["Физ-ра"],
            "4": ["Русс. яз."],
            "5": [""],
            "6": [""],
            "7": [""],
            "8": [""]
        }
    },
    "wednesday": {
        "среда": {
            "1": ["Лит-ра"],
            "2": ["Русс. яз."],
            "3": ["Математика"],
            "4": ["ИЗО"],
            "5": [""],
            "6": [""],
            "7": [""],
            "8": [""]
        }
    },
    "thursday": {
        "четверг": {
            "1": ["Физ-ра"],
            "2": ["Лит-ра"],
            "3": ["Русс. яз."],
            "4": ["Математика"],
            "5": ["Музыка"],
            "6": [""],
            "7": [""],
            "8": [""]
        }
    },
    "friday": {
        "пятница": {
            "1": ["Русс. яз."],
            "2": ["Окр. мир"],
            "3": ["Физ-ра"],
            "4": ["Технология"],
            "5": [""],
            "6": [""],
            "7": [""],
            "8": [""]
        }
    }
}