{
    "monday": {
        "понедельник": {
            "1": ["Ин. яз."],
            "2": ["Русс. яз."],
            "3": ["Математика"],
            "4": ["Лит-ра"],
            "5": [""],
            "6": [""],
            "7": [""],
            "8": [""]
        }
    },
    "tuesday": {
        "вторник": {
            "1": ["Русс яз."],
            "2": ["Математика"],
            "3": ["ИЗО"],
            "4": ["Физ-ра"],
            "5": ["Окр. мир"],
            "6": ["Лит-ра"],
            "7": [""],
            "8": [""]
        }
    },
    "wednesday": {
        "среда": {
            "1": ["Русс. яз."],
            "2": ["Математика"],
            "3": ["Физ-ра"],
            "4": ["Лит-ра"],
            "5": [""],
            "6": [""],
            "7": [""],
            "8": [""]
        }
    },
    "thursday": {
        "четверг": {
            "1": ["Русс. яз."],
            "2": ["Ин. яз."],
            "3": ["Математика"],
            "4": [""],
            "5": ["Лит-ра"],
            "6": [""],
            "7": [""],
            "8": [""]
        }
    },
    "friday": {
        "пятница": {
            "1": ["Физ-ра"],
            "2": ["Родной яз."],
            "3": ["Окр. мир"],
            "4": ["Музыка"],
            "5": ["Технология"],
            "6": [""],
            "7": [""],
            "8": [""]
        }
    }
}