{
    "1": [
        [
            "Количество обучающихся",
            93
        ],
        [
            "На 5",
            26
        ],
        [
            "На 4",
            62
        ],
        [
            "На 3",
            5
        ],
        [
            "Не успевают",
            0
        ],
        [
            "Не аттестовано",
            0
        ],
        [
            "Процент качества",
            94.62
        ],
        [
            "Процент успеваимости",
            100
        ],
        [
            "СОУ",
            74.51
        ],
        [
            "Выполнение программы",
            100
        ],
        [
            "Кто не успевает и в каком классе, коментарий к отчету!",
            ""
        ]
    ],
    "2": [
        [
            "Количество обучающихся",
            125
        ],
        [
            "На 5",
            50
        ],
        [
            "На 4",
            53
        ],
        [
            "На 3",
            22
        ],
        [
            "Не успевают",
            0
        ],
        [
            "Не аттестовано",
            0
        ],
        [
            "Процент качества",
            82.4
        ],
        [
            "Процент успеваимости",
            100
        ],
        [
            "СОУ",
            74.57
        ],
        [
            "Выполнение программы",
            100
        ],
        [
            "Кто не успевает и в каком классе, коментарий к отчету!",
            ""
        ]
    ],
    "3": [
        [
            "Количество обучающихся",
            93
        ],
        [
            "На 5",
            29
        ],
        [
            "На 4",
            40
        ],
        [
            "На 3",
            23
        ],
        [
            "Не успевают",
            0
        ],
        [
            "Не аттестовано",
            1
        ],
        [
            "Процент качества",
            74.19
        ],
        [
            "Процент успеваимости",
            98.92
        ],
        [
            "СОУ",
            68.77
        ],
        [
            "Выполнение программы",
            100
        ],
        [
            "Кто не успевает и в каком классе, коментарий к отчету!",
            "Батенев Костя, не известен его статус. Четверть отсутствовал, в конце четверти не появлялся"
        ]
    ],
    "4": [
        [
            "Количество обучающихся",
            124
        ],
        [
            "На 5",
            51
        ],
        [
            "На 4",
            63
        ],
        [
            "На 3",
            10
        ],
        [
            "Не успевают",
            0
        ],
        [
            "Не аттестовано",
            0
        ],
        [
            "Процент качества",
            91.94
        ],
        [
            "Процент успеваимости",
            100
        ],
        [
            "СОУ",
            77.99
        ],
        [
            "Выполнение программы",
            100
        ],
        [
            "Кто не успевает и в каком классе, коментарий к отчету!",
            ""
        ]
    ],
    "year": [
        [
            "Количество обучающихся",
            124
        ],
        [
            "На 5",
            55
        ],
        [
            "На 4",
            62
        ],
        [
            "На 3",
            7
        ],
        [
            "Не успевают",
            0
        ],
        [
            "Не аттестовано",
            0
        ],
        [
            "Процент качества",
            94.35
        ],
        [
            "Процент успеваимости",
            100
        ],
        [
            "СОУ",
            79.83
        ],
        [
            "Выполнение программы",
            100
        ],
        [
            "Кто не успевает и в каком классе, коментарий к отчету!",
            ""
        ]
    ]
}