{
    "1": [
        [
            "Количество обучающихся",
            68
        ],
        [
            "На 5",
            23
        ],
        [
            "На 4",
            34
        ],
        [
            "На 3",
            11
        ],
        [
            "Не успевают",
            0
        ],
        [
            "Не аттестовано",
            0
        ],
        [
            "Процент качества",
            83.82
        ],
        [
            "Процент успеваимости",
            100
        ],
        [
            "СОУ",
            72.99
        ],
        [
            "Выполнение программы",
            100
        ],
        [
            "Кто не успевает и в каком классе, коментарий к отчету!",
            ""
        ]
    ],
    "3": [
        [
            "Количество обучающихся",
            68
        ],
        [
            "На 5",
            13
        ],
        [
            "На 4",
            31
        ],
        [
            "На 3",
            22
        ],
        [
            "Не успевают",
            1
        ],
        [
            "Не аттестовано",
            1
        ],
        [
            "Процент качества",
            64.71
        ],
        [
            "Процент успеваимости",
            97.06
        ],
        [
            "СОУ",
            61.31
        ],
        [
            "Выполнение программы",
            100
        ],
        [
            "Кто не успевает и в каком классе, коментарий к отчету!",
            "Батенев Костя, не известен его статус. Четверть отсутствовал, в конце четверти не появлялся. Кекина Даша. 2 за четверть."
        ]
    ],
    "2": [
        [
            "Количество обучающихся",
            68
        ],
        [
            "На 5",
            14
        ],
        [
            "На 4",
            34
        ],
        [
            "На 3",
            20
        ],
        [
            "Не успевают",
            0
        ],
        [
            "Не аттестовано",
            0
        ],
        [
            "Процент качества",
            70.59
        ],
        [
            "Процент успеваимости",
            100
        ],
        [
            "СОУ",
            64.38
        ],
        [
            "Выполнение программы",
            100
        ],
        [
            "Кто не успевает и в каком классе, коментарий к отчету!",
            ""
        ]
    ],
    "4": [
        [
            "Количество обучающихся",
            67
        ],
        [
            "На 5",
            18
        ],
        [
            "На 4",
            34
        ],
        [
            "На 3",
            15
        ],
        [
            "Не успевают",
            0
        ],
        [
            "Не аттестовано",
            0
        ],
        [
            "Процент качества",
            77.61
        ],
        [
            "Процент успеваимости",
            100
        ],
        [
            "СОУ",
            68.7
        ],
        [
            "Выполнение программы",
            100
        ],
        [
            "Кто не успевает и в каком классе, коментарий к отчету!",
            ""
        ]
    ],
    "year": [
        [
            "Количество обучающихся",
            67
        ],
        [
            "На 5",
            15
        ],
        [
            "На 4",
            44
        ],
        [
            "На 3",
            8
        ],
        [
            "Не успевают",
            0
        ],
        [
            "Не аттестовано",
            0
        ],
        [
            "Процент качества",
            88.06
        ],
        [
            "Процент успеваимости",
            100
        ],
        [
            "СОУ",
            70.57
        ],
        [
            "Выполнение программы",
            100
        ],
        [
            "Кто не успевает и в каком классе, коментарий к отчету!",
            ""
        ]
    ]
}