{
    "admin": {
        "title": "Администратор",
        "main": "Административная страница МКОУ ГСОШ",
        "set": "$(\".user\").remove();$.removeCookie(\"admin\");$(\".dash\").hide();$(\"form.search\").show(1000);$(\".login\").show(1000);",
        "auth": "<a class='btn btn-white login' data-toggle='modal' data-target='#auth'><i class='fas fa-user'><\/i><\/a>",
        "rules":"admin",
        "password":"c80c27077b4a9e4c892be7917ff82953"
    },
    "administration": {
        "title": "Администратор",
        "main": "Административная страница МКОУ ГСОШ",
        "set": "$(\".user\").remove();$.removeCookie(\"admin\");$(\".dash\").hide();$(\"form.search\").show(1000);$(\".login\").show(1000);",
        "auth": "<a class='btn btn-white login' data-toggle='modal' data-target='#auth'><i class='fas fa-user'><\/i><\/a>",
        "rules":"administration",
        "password":"c80c27077b4a9e4c892be7917ff82953"
    },
    "teach": {
        "title": "Учитель",
        "main": "Страница быстрого доступа МКОУ ГСОШ",
        "set": "$(\".sup, .user, .dashboard\").remove();",
        "auth": "",
        "rules":"teach",
        "password":"c80c27077b4a9e4c892be7917ff82953"
    },
    "study": {
        "title": "Ученик",
        "main": "Информационная страница МКОУ ГСОШ",
        "set": "$(\".adms, .sup\").remove();",
        "auth": "",
        "rules":"study",
        "password":"c80c27077b4a9e4c892be7917ff82953"
    },
    "guest": {
        "title": "Гость",
        "main": "Информационная страница МКОУ ГСОШ",
        "set": "$(\".adms, .sup\").remove();",
        "auth": "",
        "rules":"study",
        "password":"c80c27077b4a9e4c892be7917ff82953"
    },
    "st1": {
        "title": "Ученик",
        "main": "Информационная страница МКОУ ГСОШ",
        "set": "$(\".adms, .sup\").remove();",
        "auth": "",
        "rules":"study",
        "password":"c80c27077b4a9e4c892be7917ff82953"
    }
}