{
    "понедельник": {
        "1": "",
        "2": "",
        "3": "",
        "4": "",
        "5": "",
        "6": ["9", "физика"],
        "7": "",
        "8": ""
    },
    "вторник": {
        "1": "",
        "2": "",
        "3": "",
        "4": "",
        "5": "",
        "6": "",
        "7": "",
        "8": ""
    },
    "среда": {
        "1": ["10", "физика (у)"],
        "2": ["10", "физика"],
        "3": ["9", "физика"],
        "4": ["11", "физика"],
        "5": "",
        "6": "",
        "7": "",
        "8": ""
    },
    "четверг": {
        "1": ["10", "физика"],
        "2": "",
        "3": "",
        "4": "",
        "5": ["9", "физика"],
        "6": ["11", "физика"],
        "7": ["10", "физика (у)"],
        "8": ["11", "физика (рз)"]
    },
    "пятница": {
        "1": "",
        "2": "",
        "3": "",
        "4": "",
        "5": "",
        "6": "",
        "7": "",
        "8": ""
    },
    "суббота": {
        "1": "",
        "2": "",
        "3": "",
        "4": "",
        "5": "",
        "6": "",
        "7": "",
        "8": ""
    }
}