{
    "понедельник": {
        "1": "",
        "2": ["8А", "физика"],
        "3": ["7", "физика"],
        "4": ["8Б", "физика"],
        "5": ["11", "информатика"],
        "6": ["10", "информатика"],
        "7": "",
        "8": ["9", "веб-дизайн"]
    },
    "вторник": {
        "1": "",
        "2": "",
        "3": "",
        "4": "",
        "5": "",
        "6": "",
        "7": ["5", "моделирование"],
        "8": ["10", "проекты"]
    },
    "среда": {
        "1": "",
        "2": "",
        "3": "",
        "4": "",
        "5": "",
        "6": "",
        "7": ["6", "моделирование"],
        "8": ["5", "коррекция"]
    },
    "четверг": {
        "1": ["8А", "физика"],
        "2": ["8Б", "физика"],
        "3": ["7", "физика"],
        "4": ["7", "информатика"],
        "5": "",
        "6": "",
        "7": "",
        "8": ["8", "моделирование"]
    },
    "пятница": {
        "1": ["10", "программирование"],
        "2": ["8Б", "информатика"],
        "3": ["8А", "информатика"],
        "4": "",
        "5": "",
        "6": ["9", "информатика"],
        "7": "",
        "8": ["7", "моделирование"]
    },
    "суббота": {
        "1": "",
        "2": "",
        "3": "",
        "4": "",
        "5": ["10", "инженерка"],
        "6": ["10", "инженерка"],
        "7": "",
        "8": ""
    }
}